number,firm,publishing,country,text
1,part1,1,Korea,오늘은 아침 7시반에 기상후 아침밥으로 곰국을 먹고 정보방과후 2일차를 하기위해
2,part2,1,Korea,
3,part2,1,Korea,"학교로 갔다, 이번년도 정보수업을 들으면서 힘들고 어려워서 정보방과후를 하는걸 두려워 했었는데"
4,part3,1,Korea,
4,part4,1,Korea,막상 해보니 재밌고 흥미를 붙인것 같아서 기쁘다. 그렇게 정보2시간을 끝내고
4,part5,1,Korea,
4,part6,1,Korea,배구방과후를 했다. 배구는 내가 좋아하는 체육이라 그런지 재밌었다.
4,part7,1,Korea,
4,part8,1,Korea,배구 방과후까지 끝낸후 처음으로 파이썬 방과후를 들었다. 처음이라 어려운것도 많았지만
4,part9,1,Korea,
4,part10,1,Korea,"그래도 선생님이 설명을 잘해주셔서 금방 잘할수 있었다, 앞으로가 기대된다."
4,part11,1,Korea,
4,part12,1,Korea,재밌는 수업이 끝난후 바로 영어학원을 가서 3시간동안 혼빠지게 수업을 듣고
4,part13,1,Korea,
4,part14,1,Korea,친구들과 저녁도 같이 먹고 요거트집에서 브롤스타즈를 했다. 요거트집은 항상 변함없이
4,part15,1,Korea,
4,part16,1,Korea,맛있는거 같아요 저녁늦게 집에와서 피곤하다. 내일을 위해 일찍 취침할것이다.
4,part17,1,Korea,오늘은 동생의 일년에 한번있는 생일이라서 아침에 조금 축하해주고 바로 학교로 가서
4,part18,1,Korea,
4,part19,1,Korea,정보 방과후와 배구 방과후를 각각 2시간씩 진행했다.
4,part20,1,Korea,
4,part21,1,Korea,배구 방과후가 끝나자마자 친구 준오의 생일기념해서 친구들과 농구를 하러
4,part22,1,Korea,
4,part23,1,Korea,Nat nation에 가서 2시간 농구를 하고 힘이 잔뜩 빠진상태로
4,part24,1,Korea,
4,part25,1,Korea,롯데마트에 있는 미트앤미트로 가서 밥도 많이 먹었다. 친구들이 아이스크림을
4,part26,1,Korea,
4,part27,1,Korea,8그릇 9그릇씩 먹는걸 보고 인상깊었다. 나도 아이스크림을 5그릇 먹었다가 지금
4,part28,1,Korea,
4,part29,1,Korea,감기에 걸렸는지 감기증상이다. 반성해야겠다. 여튼 밥을먹고 피시방을 갔다가
4,part30,1,Korea,
4,part31,1,Korea,수학학원에서 열심히 공부를 하고 친구와 산책을 하며 하루를 끝냈다.
4,part32,1,Korea,
4,part33,1,Korea,오늘 많이 놀았으니 내일과 모레는 공부를 좀 더 해야겠다는 생각이 든다.
4,part34,1,Korea,오늘은 조금 다른이야기로 써보려고 한다. 사실 오늘하루는 거의 공부만 했다.
4,part35,1,Korea,
4,part36,1,Korea,그래서 그런지 몸도 힘들고 굉장히 피곤하다. 나는 이렇게 피곤할때 가끔 심리적으로
4,part37,1,Korea,
4,part38,1,Korea,안식처인 한국을 떠올린다.  맛있는 음식도 그립고 할머니와 할아버지 그리고 한국 친구들과
4,part39,1,Korea,
4,part40,1,Korea,함께 보내면 이곳 베트남에서 가지는 휴식과 다른 휴식을 취할수 있다.
4,part41,1,Korea,
4,part42,1,Korea,솔직히 한국 자체를 그리워하는게 아닌 한국에서 있던 과거 그러니 어릴적 뛰놀던 때를
4,part43,1,Korea,
4,part44,1,Korea,그리워 하는것 같기도 하다. 그때는 걱정없이 매일 친구들과 야구도 하고 자전거도 타고
4,part45,1,Korea,
4,part46,1,Korea,심심하면 피시방도 자주가며 매일매일 스트레스는 없는 삶을 살았다. 그때는 알지못했던
4,part47,1,Korea,
4,part48,1,Korea,그 순간들이 지금은 정말 그립고 다시 되돌아가고 싶으며 그때처럼 사소함에 즐거움을 느끼고싶다.
4,part49,1,Korea,
4,part50,1,Korea,하지만 이제는 고등학생이고 더이상 방학을 뒹굴뒹굴 거리며 노는 시간이 아닌
4,part51,1,Korea,
4,part52,1,Korea,좀 알차게 보내야 할것같아서 정말 공부를 열심히 하고있다.  앞으로도 포기하지 않고 내 미래를
4,part53,1,Korea,
4,part54,1,Korea,위해 더욱 열심히 공부하고 또 공부할것이다.
4,part55,1,Korea,뭐라 써야할지 모르겠다. 방금 저녁전 굉장히 안좋은일이 있었다.
4,part56,1,Korea,
4,part57,1,Korea,후회도 되고 화도 나고 머리도 너무 아프다. 마음도 굉장히 심란하며
4,part58,1,Korea,
4,part59,1,Korea,당장 지금도 머리가 깨질듯이 아프고 힘들다. 너무 답답하다.
4,part60,1,Korea,
4,part61,1,Korea,걷기도 하고 눈도 좀 붙여보고 밥도 먹어보았지만 달라지지 않았다.
4,part62,1,Korea,
4,part63,1,Korea,여러모로 실망적인 부분도 있고 원망적인 부분도 있는 것 같다. 20분 글쓰기를
4,part64,1,Korea,
4,part65,1,Korea,끝내고 뭘 해야할지도 모르겠고 내일은 어떻게 보내야 할지도 막막하다.
4,part66,1,Korea,
4,part67,1,Korea,안그래도 오늘 몸도 좋지않아서 배구 방과후도 쉬었는데 방금 안좋은 일까지 겹치니
4,part68,1,Korea,
4,part69,1,Korea,진짜 너무 힘들고 지친다. 지친다는 표현이 이럴때 사용하는 것이구나 라고 방금 생각이
4,part70,1,Korea,
4,part71,1,Korea,들었다. 몸도 마음도 아프고 무겁다. 친구들이 보고싶다…
4,part72,1,Korea,
4,part73,1,Korea,지금 만날 수 있는지 연락 해봐야겠다.
4,part74,1,Korea,
4,part75,1,Korea,어제 친구집에 놀러가느라 깜빡하고 글쓰기를 못했다 ㅜㅜ 어제일 먼저 대충 쓰면
4,part76,1,Korea,
4,part77,1,Korea,아침부터 영어학원에서 미국언어를 배우고 그후 수학학원에서 숫자들을 배웠다.
4,part78,1,Korea,
4,part79,1,Korea,학원들을 마치니 오후5시쯤이었고 친구들과 미드에서 베트남 아저씨들과 농구를 했다.
4,part80,1,Korea,
4,part81,1,Korea,너무 잘하셔서 도망치듯 농구장을 빠져 나가고 밥먹었다. 그후 친구집에 놀러가서
4,part82,1,Korea,
4,part83,1,Korea,새벽12시반에 축구도 보고 밤을 새며 놀았다. 결국 아침에 늦게일어나서 교회도 못가고 집에 왔다.
4,part84,1,Korea,
4,part85,1,Korea,이제는 오늘 일보다 나의 가장 큰 고민거리를 쓸것이다. 나의 가장 무거운 고민거리는
4,part86,1,Korea,
4,part87,1,Korea,"나의 진로이다. 어릴적에는 농구선수, 야구선수등 운동선수가 되고 싶었지만 현실의 벽에"
4,part88,1,Korea,
4,part89,1,Korea,"막혀 포기하고 도서관사서, 역사학자, 해양경찰, 문방구 사장님까지 여러 직업을 관심가졌지만"
4,part90,1,Korea,
4,part91,1,Korea,그닥 끌리는 직업은 없었고 그렇게 중학교에 입학했다. 중학교를 적응하다 문득 나와 가장가까운
4,part92,1,Korea,
4,part93,1,Korea,"자리에 있는 아빠의 모습을 다시봤다. 같은학교에 계시니까,  아빠는 내가 좋아하는 체육과 가르치는걸 동시에 하시는 체육선생님 이셨다. 그후 체육교사라는 직업에 관심을 가지게 되었고"
4,part94,1,Korea,
4,part95,1,Korea,보면볼수록 나와 잘맞을것 같았다. 하지만 요즘은 아이들이 사라지는 모습이고 그만큼
4,part96,1,Korea,
4,part97,1,Korea,학생도 줄어드는 현실이다. 그러므로 임용고시에서 채용하는 교사의 수도 줄어들것이고
4,part98,1,Korea,
4,part99,1,Korea,나의 기회의 경우의 수도 적어지기 마련일 것 이다.  그래도 이런 고민은 너무 김칫국 마시는
4,part100,1,Korea,
4,part101,1,Korea,모습인듯 하고 아직 2~3년 남았으니 여러직업도 눈여겨 보고 관심 가져봐야겠다.
4,part102,1,Korea,
4,part103,1,Korea,오늘은 저녁에 축구를 했다. 9학년 대표팀과 10학년 대표팀의 경기였다.
4,part104,1,Korea,
4,part105,1,Korea,"경기는 저녁 10시부터 12시였고 우리팀은 나와 양시우, 김유필, 정연우, 김예준, 박진수,"
4,part106,1,Korea,
4,part107,1,Korea,"배동균, 이시우, 박범창 이었다. 10학년 형들도 최정예로 라인업을 짜와서 굉장히"
4,part108,1,Korea,
4,part109,1,Korea,"떨렸고 나는 원래 포지션인 골키퍼를 했다. 전반전, 형들의 미사일같은 슛들이 날아왔지만"
4,part110,1,Korea,
4,part111,1,Korea,오늘의 나는 몸이 굉장히 가벼워서 전부 막으며 선방쇼를 했고 동준이형과 1대1도 슬라이딩으로
4,part112,1,Korea,
4,part113,1,Korea,막아내며 고훈이형의 감차도 다이빙으로 막아냈다. 그렇게 전반전은 2대1로 9학년이 앞서갔다.
4,part114,1,Korea,
4,part115,1,Korea,하지만 후반전에는 10학년보다 체력이 좀 부족한 우리 9학년들의 집중력이 주식처럼 곤두박질 쳤고
4,part116,1,Korea,
4,part117,1,Korea,결국 2대2 동점이 되었다. 하지만 그뒤에는 팽팽한 승부가 계속되었고 그로부터 얼마나 지났을까
4,part118,1,Korea,
4,part119,1,Korea,동준이형과 1대1을 다시 마주쳤고 형의 강슛을 겨우막았지만 내 배로 막아서 나는 그대로
4,part120,1,Korea,
4,part121,1,Korea,쓰러졌다. 정말 너무너무 아파서 기절할 정도였다. 그뒤에는 쉬고 경기는 6대6까지 가서
4,part122,1,Korea,
4,part123,1,Korea,연장전을 했고 결국 1골을 주며 10학년의 승리로 끝이났다.. 그래서 구장비는 9학년들이 냈다.
4,part124,1,Korea,
4,part125,1,Korea,나의 인생경기였고 앞으로 축구를 더 자주할것같다.
4,part126,1,Korea,
4,part127,1,Korea,오늘은 오늘의 이야기보다 내 생각을 적어보려한다. 우리 인간은 활동을 할때
4,part128,1,Korea,
4,part129,1,Korea,"도파민 이라는 것을 얻는다. 도파민이 분비되었을때 우리의 뇌는 성취감과 보상감,"
4,part130,1,Korea,
4,part131,1,Korea,"쾌락의 감정을 느끼며, 인체를 흥분시켜 살아갈 의욕과 흥미를 느끼게 한다."
4,part132,1,Korea,
4,part133,1,Korea,어릴적에는 야구를 하거나 친구들과 술래잡기를 하며 얻고 느끼던 도파민이
4,part134,1,Korea,
4,part135,1,Korea,이제 나이를 먹으니 운동할때도 도파민이 나오지만 휴대폰을 하거나 게임을 할때 많이
4,part136,1,Korea,
4,part137,1,Korea,분비되고 특히 친구들과 놀때 가장 많이 분비되는걸 느낀다. 이런것들은 나의 스트레스를
4,part138,1,Korea,
4,part139,1,Korea,"풀어주며 쾌락의 감정을 느끼게 해주어 내가 행복함을 느낀다, 하지만 계속 도파민을 얻기위해"
4,part140,1,Korea,
4,part141,1,Korea,휴대폰을 하고 게임을 하며 노는것은 나의 미래를 위한 좋은 투자가 아닌것을 깨달았다.
4,part142,1,Korea,
4,part143,1,Korea,도파민을 얻는 활동들을 내가 조절할수 있다면 그것은 큰 성공일 것 이다. 그러나 그것은
4,part144,1,Korea,
4,part145,1,Korea,쉽지 않다. 언제나 편하게 눕고 싶고 누워있으면 폰도 하고 싶고 폰을 하다보면 몇시간이 지날때도
4,part146,1,Korea,
4,part147,1,Korea,있다. 그렇지만 나에게 잠깐의 쾌락을 줄뿐이고 내미래의 발전에는 큰 도움도 안된다.
4,part148,1,Korea,
4,part149,1,Korea,그러므로 나는 도파민을 얻는 활동들을 잠시 멈추고 대신 내 미래를 위한 공부와 독서 그리고
4,part150,1,Korea,
4,part151,1,Korea,좋은 습관을 들이기위해 노력해야겠다. 오늘부터 실천해보겠다.
4,part152,1,Korea,오늘 역시 평범한 하루를 보냈다. 아침에 방과후를 갔다가 점심을 먹고 1시에 영어학원을 가서
4,part153,1,Korea,
4,part154,1,Korea,2시간동안 공부를 하고 그뒤 2시간정도 우리집에서 친구들과 게임하다가 8시반에 수학학원을 가서
4,part155,1,Korea,
4,part156,1,Korea,1시간반을 공부했다.. 내일 새벽1시에 여러친구들이 한국으로 모국연수를 떠난다.
4,part157,1,Korea,
4,part158,1,Korea,나는 이번 방학에는 학원도 꾸준히 다니고 공부도 열심히 하려고 한국을 안가기로 했지만
4,part159,1,Korea,
4,part160,1,Korea,막상 한국의 눈오고 추운 겨울의 모습을 보니 굉장히 가고싶다. 한국에 있는 가장친한 친구들과
4,part161,1,Korea,
4,part162,1,Korea,"피시방에서 밤새 게임도 하고 밥도 먹으며 이야기도 하고싶다.  우리 학교,KIS는"
4,part163,1,Korea,
4,part164,1,Korea,중학교와 고등학교가 같이있어서 웬만한 친구들은 모두 고등학교때 만나지만 한국에서는
4,part165,1,Korea,
4,part166,1,Korea,중학교를 졸업하면 많은 친구들이 각자 다른 고등학교로 가서 많이 흩어진다. 친구들의
4,part167,1,Korea,
4,part168,1,Korea,인스타를 보면 참 아쉬워하는 것 같다. 가장친했던 민재는 창원고를 1지망으로 적었지만
4,part169,1,Korea,
4,part170,1,Korea,문성고가 되서 착잡하다고 한다. 어릴때 야구하며 같이 놀던 친구들도 그립고 그때의
4,part171,1,Korea,
4,part172,1,Korea,추억을 같이 회상할수있는 친구들도 많이 그립다. 그시절이 정말 많이 그리운 요즘이다.
4,part173,1,Korea,
4,part174,1,Korea,한국이란곳을 갈망하고 있지만 나의 어릴적 추억을 가장 그리워하고 찾고 싶어하는 중이다.
4,part175,1,Korea,
4,part176,1,Korea,그때의 소중함을 이제 알아버렸다. 과거로 돌아가고 싶다 라는표현을 이렇게 배워간다.
4,part177,1,Korea,
4,part178,1,Korea,나는 어릴적부터 스포츠를 굉장히 좋아했다. 7살때 쯤에는 농구를 굉장히 좋아해서
4,part179,1,Korea,
4,part180,1,Korea,"거의 매일같이 농구장을 갔다, 그당시 창원LG세이커스의 광팬이여서 2015년"
4,part181,1,Korea,
4,part182,1,Korea,엘지의 리그우승도 직관하고 경품으로 사이판 투어도 당첨되서 선수들과 사이판 투어도
4,part183,1,Korea,
4,part184,1,Korea,다녀왔다. 그뒤 초등학생때는 창원nc다이노스와 함께 야구에 푹빠졌다. 정말 야구를
4,part185,1,Korea,
4,part186,1,Korea,초등학생 내내 야구만 즐겨할 정도로 야구에 진심이었고 그렇게 엔씨의 우승도 6학년때
4,part187,1,Korea,
4,part188,1,Korea,보며 초등학교가 마무리 되었다. 이곳 호치민에 와서는 농구를 참 많이 했고
4,part189,1,Korea,
4,part190,1,Korea,그래서 농구부도 들어가서 많은 경험을 쌓았다. 농구를 한창하던 중학교3학년
4,part191,1,Korea,
4,part192,1,Korea,즉 9학년 초였다. 한창 친구들이 축구를 많이 하던 때 였는데 나도 얼떨결에
4,part193,1,Korea,
4,part194,1,Korea,같이 축구를 하게 되었고 요즘도 즐겨하는 운동이 되었다.
4,part195,1,Korea,
4,part196,1,Korea,이번방학을 보내면서 두가지의 목표가 생겼다. 첫째는 공부를 열심히 하자 이고
4,part197,1,Korea,
4,part198,1,Korea,두번째는 몸을 키우고 헬스를 하자 였다. 공부는 나름대로 학원도 정말 열심히 가고
4,part199,1,Korea,
4,part200,1,Korea,보충도 하며 충실하게 하며 시작하였고 헬스도 거의 매일 하려고 노력하고있다.
4,part201,1,Korea,
4,part202,1,Korea,나는 헬스장을 7학년때 부터 다녔다. 시닉 헬스장을 갔었고 7학년때는 온라인 스쿨이라
4,part203,1,Korea,
4,part204,1,Korea,"살이 굉장히 쪄서 헬스장에 가서 매일 런닝머신을 30분 넘게 뛰며 살을 뺏다,"
4,part205,1,Korea,
4,part206,1,Korea,8학년 1학기 때도 다이어트와 런닝머신 그리고 간식도 철저히 조절하며 나의 독단적인
4,part207,1,Korea,
4,part208,1,Korea,의지로 80키로에서 61키로 까지 대략 20키로를 뺏다. 하지만 막상 빼다보니 나의 몸이 점점
4,part209,1,Korea,
4,part210,1,Korea,마르는걸 느꼈고 8학년 2학기 부터는 다이어트를 멈추고 먹는것과 근육량을 늘릴려고 노력했다.
4,part211,1,Korea,
4,part212,1,Korea,"하지만 한번빠진 살은 다시 찌기 쉽지않았고, 9학년 여름까지 60.8Kg 이었다, 하지만"
4,part213,1,Korea,
4,part214,1,Korea,9학년 2학기 정말 벌크업에 최선을 다하며 야식도 먹고 밥도 잘 챙겨먹으며 하니 방학전에는
4,part215,1,Korea,
4,part216,1,Korea,68Kg까지 찌고 현재는 72Kg이다. 방학동안 헬스를 가며 팔 위주로 근육운동을 하는중인데 조금씩
4,part217,1,Korea,
4,part218,1,Korea,조금씩 붙고 있는게 느껴진다. 남은 방학동안도 귀찮아 하지않고 헬스를 열심히 할 것 이다.
4,part219,1,Korea,
4,part220,1,Korea,"영어학원에서 우리반은 7명이다, 하지만 무려 2명이나 모국연수로 한국을 갔다,"
4,part221,1,Korea,
4,part222,1,Korea,모국연수를 간 친구들의 모습을 보니 굉장히 재밌을 것 같다. 눈도 많이 오고 프로그램도
4,part223,1,Korea,
4,part224,1,Korea,"즐겁게 해서 나도 가고싶다, 하지만 나는 아직 조건이 안된다. 여튼 이번 방학에는"
4,part225,1,Korea,
4,part226,1,Korea,한국에 안가는 걸로 가족들과 의논을 지었고 아까 대한민국과 요르단의 아시안컵 경기를
4,part227,1,Korea,
4,part228,1,Korea,보았는데 역시 축구는 재밌었다. 내일 ISHCMC학교와 축구를 하는데 기대도 되지만
4,part229,1,Korea,
4,part230,1,Korea,"현재 무릎에 철과상을 입어 계속 아프다, 그래서 조금 부담되는 느낌이다. 그래도"
4,part231,1,Korea,
4,part232,1,Korea,축구를 하고싶은 마음이 더 커서 내일은 해야겠다.. 어제 헬스를 오래해서 팔이 뻐근하기도
4,part233,1,Korea,
4,part234,1,Korea,"하고 어깨도 땡겨서 헬스를 하루 쉬었다, 내일 아침 가야겠다. 아, 내일은 오후에 친구들과"
4,part235,1,Korea,
4,part236,1,Korea,공포영화를 보기로 했는데 꿈에 나올까 걱정이다. 그래도 나는 상남자니까 볼것이다.
4,part237,1,Korea,
4,part238,1,Korea,내일도 활기찬 하루가 되기를
4,part239,1,Korea,
4,part240,1,Korea,오늘은 오전에는 좀 쉬면서 뒹굴뒹굴 하다가 점심때 일어나서 친구들과 비보시티에서
4,part241,1,Korea,
4,part242,1,Korea,"베트남 공포영화를 보았다, 요즘 CGV가 힘든지 콜라병에 피규어도 무료로 주고 텀블럼도"
4,part243,1,Korea,
4,part244,1,Korea,"준다, 그런데도 주말인데 영화관에 사람이 거의 없었다. 여튼 영화는 CG의 퀄리티가 너무"
4,part245,1,Korea,
4,part246,1,Korea,"떨어져서 기대보다 훨씬 아쉬웠다, 사실 베트남 영화라 큰 기대는 없었지만 공포영화가"
4,part247,1,Korea,
4,part248,1,Korea,공포스럽기 보다 징그럽고 우울했다. 영화를 본후 피시방에 가서 2시간동안 게임 하고
4,part249,1,Korea,
4,part250,1,Korea,저녁으로 비엔동에서 든든하게 배를 채웠다. 그리고 저녁9시 반 10학년 형들과 축구를 했다.
4,part251,1,Korea,
4,part252,1,Korea,저번주에는 우리학년과 10학년이 막상막하 였지만 오늘은 확실히 우리가 체력도 딸리고
4,part253,1,Korea,
4,part254,1,Korea,잔 실수도 많이 보이며 무엇보다 수비수의 부재로 탈탈 털리며 졌다. 그래서 이번주도
4,part255,1,Korea,
4,part256,1,Korea,우리 9학년들이 구장비를 냈다. 형들이 우리가 매번 구장비 내는 모습을 보니 불쌍하다며
4,part257,1,Korea,
4,part258,1,Korea,"앞으로는 붙지말자고 한다, 이제 주말이 지났는데 일주일을 시작할 생각에 어지럽다."
4,part259,1,Korea,
4,part260,1,Korea,"오늘저녁 운동을 하고 오랜만에 예전에 듣던 노래를 들으며 폰을 봤다,"
4,part261,1,Korea,
4,part262,1,Korea,인스타에서 한국 친구들 근황을 보았는데 참 많이 변하기도 하고 그대로 인 것 같다.
4,part263,1,Korea,
4,part264,1,Korea,초등학교 시절을 회상해 보려 했지만 이제는 기억이 점점 사라지고 있어서 너무
4,part265,1,Korea,
4,part266,1,Korea,슬프다. 초등학교를 졸업한지도 4년차에 들어섰다. 나는 명도초등학교를 입학해서
4,part267,1,Korea,
4,part268,1,Korea,1학년 때는 2반 이었고 담임선생님은 박시영 선생님 이셨다. 1학년때는 친구들과 운동장
4,part269,1,Korea,
4,part270,1,Korea,사이드에 있는 돌담에서 논 기억이 난다. 그때는 준오와 승민이와 가장 친했고
4,part271,1,Korea,
4,part272,1,Korea,당시 박시영 선생님이 굉장히 아름다우 시다고 기억한다.2학년때는 1반이었고
4,part273,1,Korea,
4,part274,1,Korea,담임선생님은 김송이 선생님 이셨다. 2학년때는 재현이와 세준이와 친했고 2학년때 태권도도
4,part275,1,Korea,
4,part276,1,Korea,참 재밌었고 정말 즐겁게 놀던 기억이 있다. 3학년때는 3반 이었고 담임선생님은 정미주
4,part277,1,Korea,
4,part278,1,Korea,선생님 이셨다. 3학년때는 교현이와 예성이와 친했고최유와 효준이와 매일 자전거를 타며
4,part279,1,Korea,
4,part280,1,Korea,놀고 그때 종이딱지가 유행했었다. 4학년때는 5반이었고 담임선생님은 임현주 선생님 이셨다. 4학년때는 학교에서 굉장히 모범생이었고 민석이 세훈이 찬혁이 교현이와 친해서 두산위브 아파트에서
4,part281,1,Korea,
4,part282,1,Korea,매일같이 야구를 했다. 그때 야구파 이름이 DBO였다.. 5학년때는 2반 이었고 담임선생님은 최성미
4,part283,1,Korea,
4,part284,1,Korea,"선생님 이었다. 그때도 야구하는 친구들과 찬혁이 태현이와도 친했었다, 마지막으로 6학년때는"
4,part285,1,Korea,
4,part286,1,Korea,3반이었고 담임선생님은 구미연 선생님 이었고 선생님이 굉장히 웃기고 재밌으셨다.
4,part287,1,Korea,
4,part288,1,Korea,6학년때는 준오와 지금까지 절친한 민재와 친했다. 6학년때가 가장 기억도 나고 즐거웠다.
4,part289,1,Korea,
4,part290,1,Korea,"아, 그립다, 그시절과 그때의 순수했던 한국 친구들, 그리고 내 추억속 순간들이."
4,part291,1,Korea,
4,part292,1,Korea,방학도 훌쩍지나서 어느덧 1달정도 밖에 안남았다. 어제 글쓰기는 초등학생 때 학교에서의 추억과
4,part293,1,Korea,
4,part294,1,Korea,친구들에 대해서 적었는데 오늘은 초등학교 시절에 내가 좋아했던 것들을 기록해놓으려고 한다.
4,part295,1,Korea,
4,part296,1,Korea,나는 어릴적 부터 운동을 굉장히 좋아해서 7살때부터 초등학교 6학년때까지 창원LG세이커스
4,part297,1,Korea,
4,part298,1,Korea,농구 유소년을 했다. 그곳에서 여러 친구들도 사귀고 농구 스킬도 조금씩 올렸으며 선수들도
4,part299,1,Korea,
4,part300,1,Korea,가까이에서 봤다. 그리고 어릴때는 티비로 하던 닌텐도wil도 참 좋아했다. 또한 티비도 정말 많이
4,part301,1,Korea,
4,part302,1,Korea,"봤었는데 티비프로는 소년탐정 김전일을 가장 많이보고 총몇명과 꾹tv, 돼지저금통 그리고 웃소,"
4,part303,1,Korea,
4,part304,1,Korea,"겜브링, 소피루비를 봤었던 기억이 있다. 동네에서 자전거도 참 많이 탔었는데 친구들과 자전거"
4,part305,1,Korea,
4,part306,1,Korea,"코스를 정해서 위험한 길, 꼬불꼬불한 길, 가파른길 까지 다니는 자전거 고수였다. 초딩 고학년때는"
4,part307,1,Korea,
4,part308,1,Korea,"주말에 친구들과 버스를 타고 여름에는 수영장, 겨울에는 빙상장을 갔었으며 시티세븐에서 영화도"
4,part309,1,Korea,
4,part310,1,Korea,보고 밥도 먹고 술래잡기도 하며 놀았었다. 그때를 떠올리니 뭉클해진다.
4,part311,1,Korea,
4,part312,1,Korea,오늘도 쓸게 많이 없긴하다. 아침에 일어나서 아침먹고 일찍 학원을 가서 영어공부후
4,part313,1,Korea,
4,part314,1,Korea,재민이와 점심먹고 놀다가 집에 와서 숙제후 게임도 하다가 저녁에 수학학원을 가서 공부
4,part315,1,Korea,
4,part316,1,Korea,했다. 하지만 이번주 금요일에도 놀고 주말에도 놀며 다음주 월요일부터 금요일까지 여행을
4,part317,1,Korea,
4,part318,1,Korea,"가기에 금요일 부터는 적을게 많을 것 이다. 저번주 부터 얼마전까지 드라마 ‘이재,곧 죽습니다. ‘"
4,part319,1,Korea,
4,part320,1,Korea,를 보았다. 와.. 진짜 재밌게 봤다. 웹툰으로도 감명받으며 봤었던 기억이 있는데 드라마는 더
4,part321,1,Korea,
4,part322,1,Korea,재밌게 봤다. 소년시대도 봤는데 굉장히 웃겼다. 그래도 아직까지 내 인생드라마는 ‘나의해방일지’
4,part323,1,Korea,
4,part324,1,Korea,"이다.  인생영화는 조커 이고 웹툰을 많이 보던 시절에는 돼지우리, 인생존망, 신과함께등이"
4,part325,1,Korea,
4,part326,1,Korea,"기억에 남는다.  나는 책도 일주일에 2~3권씩 읽는데 그중에서는 보물섬, 지킬앤하이든, 동물농장,"
4,part327,1,Korea,
4,part328,1,Korea,1984등을 재밌게 읽었고 동물농장과 1984의 저자인 조지오웰을 굉장히 좋아한다. 그의 책들에서는
4,part329,1,Korea,
4,part330,1,Korea,"많은 교훈과 가르침, 그리고 충격까지 전해준다. 낼모레 삼촌이 오실때 1984 두꺼운 책을 사다주실"
4,part331,1,Korea,
4,part332,1,Korea,건데 기대된다.
4,part333,1,Korea,
4,part334,1,Korea,내일부터는 삼촌과 사촌동생이 베트남에 놀러와서 학원을 일주일간 가지 않는다.
4,part335,1,Korea,
4,part336,1,Korea,굉장히 행복하다. 낼아침에는 농구를 하기로 하고 오후에는 친구집에서 놀기로 했다.
4,part337,1,Korea,
4,part338,1,Korea,"여튼 오늘은 요즘 보는 드라마에 대해 적어보겠다. 어제 적은대로 최근에 ‘이재, 곧 죽습니다’"
4,part339,1,Korea,
4,part340,1,Korea,를 굉장히 재밌게 봤는데 매 화마다 유명한 배우들이 나오고 각각의 스트리가 한개한개 너무
4,part341,1,Korea,
4,part342,1,Korea,재밌었다. 마지막에는 눈물이 거의없는 내가 조금 눈에서 땀이 나올정도로 슬펐다. 예전에 봤던
4,part343,1,Korea,
4,part344,1,Korea,"‘나의 해방일지’에서 이상형과 똑닮은 김지원이 나와서 재밌었는데 ‘이재, 곧 죽습니다’에서 나온"
4,part345,1,Korea,
4,part346,1,Korea,고윤정이 진짜진짜 이쁘고 아름다워서 더 재밌게 봤다. 그리고 소년시대도 초반에는 웃긴게
4,part347,1,Korea,
4,part348,1,Korea,"최대치를 넘어서 계속 기대하며 봤는데 갈수록 내용이 뻔해서 아쉬웠다, 오늘은 ‘내남편과 결혼해줘’"
4,part349,1,Korea,
4,part350,1,Korea,를 봤는데 되게 재밌다. 이이경의 연기도 대단하고 수민이도 연기를 잘하는 것 같다.
4,part351,1,Korea,
4,part352,1,Korea,내일부터는 적을 내용이 많을듯 하다.
4,part353,1,Korea,
4,part354,1,Korea,오늘은 바쁜 하루였다. 아침에 일찍일어나서 학교로 갔다. 원래는 9학년들끼리
4,part355,1,Korea,
4,part356,1,Korea,농구를 하려고 했지만 7학년들도 있어서 끼워줬다. 그렇게 열심히 농구를 하고
4,part357,1,Korea,
4,part358,1,Korea,오후에는 시닉친구들과 석호집에 집들이를 갔다. 보드게임도 하고 크센가서
4,part359,1,Korea,
4,part360,1,Korea,오락실도 가고 알차게 놀았다. 저녁에는 삼촌과 사촌동생 그리고 할머니가
4,part361,1,Korea,
4,part362,1,Korea,호치민으로 오셔서 같이 저녁도 먹고 이야기도 했다. 아빠와 삼촌과 셋이 있을때
4,part363,1,Korea,
4,part364,1,Korea,소주를 2잔 마셔봤는데 마실때 목이 화끈거리고 얼굴이 빨개지며 더워지는것 같다.
4,part365,1,Korea,
4,part366,1,Korea,지금도 얼굴이 화끈하고 굉장히 졸리다. 아 어 음 글쓰기 너무 적게적었는데
4,part367,1,Korea,
4,part368,1,Korea,"너무너무 피곤하다., 오늘 학원을 쉬니 좋았기도 했지만 찝집하고 수학은"
4,part369,1,Korea,
4,part370,1,Korea,나중에 보충을 해야될듯 하다.
4,part371,1,Korea,
4,part372,1,Korea,"어제인 토요일, 친구들과 호짬에 놀러가서 글쓰기를 못했다. 그래서 오늘"
4,part373,1,Korea,
4,part374,1,Korea,어제 글쓰기를 하려한다. 어제는 점심 쯤 모여 친구들과 점심을 먹고 2시에
4,part375,1,Korea,
4,part376,1,Korea,"2군 시내에서 무료셔틀을 타고 호짬 멜리아 호텔로 출발했다, 약 2시간 정도"
4,part377,1,Korea,
4,part378,1,Korea,시간이 걸렸고 도착후 웰컴드링크를 마시고 체크인 하자마자 바다로 달려갔다.
4,part379,1,Korea,
4,part380,1,Korea,바다와 수영장이 불과 몇발짝이라 처음에는 바다에서 튜브도 타고 친구들과
4,part381,1,Korea,
4,part382,1,Korea,축구도 하며 놀다가 해가 저물쯤 수영장에서 놀았다. 노을이 질때 바닷가 앞에서
4,part383,1,Korea,
4,part384,1,Korea,모닥불을 피우고 마시멜로우를 굽는 체험이 있어서 하면서 사진도 찍었는데
4,part385,1,Korea,
4,part386,1,Korea,직원아저씨의 사진 솜씨가 예사롭지 않으셨다. 그렇게 마시멜로우를 맛있게 먹고
4,part387,1,Korea,
4,part388,1,Korea,다시 수영장에서 놀다가 배가 너무고파서 씻고 바닷가 앞에있는 식당을 가서
4,part389,1,Korea,
4,part390,1,Korea,"스파게티와 피자, 리조또를 먹고 칵테일을 마셨다. 리조또가 굉장히 맛났다."
4,part391,1,Korea,
4,part392,1,Korea,소화가 될때 쯤 테니스를 예약후 1시간 정도 치며 즐겼다. 그 후 다시 호텔로 돌아와서
4,part393,1,Korea,
4,part394,1,Korea,헬스도 하고 씻고 밤바닷가를 구경하러 나갔다. 바람이 너무 많이 불어서 종아리까지
4,part395,1,Korea,
4,part396,1,Korea,모래바람이 불었다. 숙소로 돌아와서 친구들과 라면도 먹고 야식먹으며 게임하다가
4,part397,1,Korea,
4,part398,1,Korea,"욕조에서 뜨거운 물 받고 오래버티기도 했는데 고통스러웠다, 그리고 늦게까지 이야기"
4,part399,1,Korea,
4,part400,1,Korea,하다가 새벽4시에 잠들었다.
4,part401,1,Korea,
4,part402,1,Korea,어제인 토요일 새벽4시에 취침후 조식을 먹기위해 7시에 일어났다. 3시간 밖에
4,part403,1,Korea,
4,part404,1,Korea,"안자서 눈이 감겼고 조식으로 쌀국수와 소시지도 먹고 요거트를 5잔, 패션푸르트를"
4,part405,1,Korea,
4,part406,1,Korea,6개 먹었다. 앞으로 패션푸르트를 많이 먹기로 다짐하고 자전거를 빌려서 호텔 방방곡곡을
4,part407,1,Korea,
4,part408,1,Korea,돌아다녔다. 이곳저곳 다니다가 오리배도 타고 만원경도 해보고 양궁도 해보며 미니동물원에
4,part409,1,Korea,
4,part410,1,Korea,"가서 염소와 토끼가 점프시합하는 진귀한 광경도 목격했다, 그렇게 11시에 체크아웃하고"
4,part411,1,Korea,
4,part412,1,Korea,"셔틀을 타고 호치민으로 돌아왔다, 집으로 돌아와서는 너무 피곤해서 바로 자려 했지만"
4,part413,1,Korea,
4,part414,1,Korea,잠이 오지를 않았고 결국 6시까지 폰만하다가 축구를 하러 갔다. 7시반부터 9시반까지
4,part415,1,Korea,
4,part416,1,Korea,9학년끼리 축구를 했다. 오늘 22명이 와서 인원이 많았는데 인원이 너무 많아도 조금
4,part417,1,Korea,
4,part418,1,Korea,좋지않다는걸 체감했다. 여튼 축구가 끝난후 지금 집으로 돌아와서 밥도 맛있게 먹었다.
4,part419,1,Korea,
4,part420,1,Korea,내일아침부터 금요일까지 푸꼭으로 간다는데 그럼 내일 다시 보자.
4,part421,1,Korea,
4,part422,1,Korea,"오늘은 아침일찍일어나서 공항으로 간후  비행기를 타고 푸꼭으로 왔다. 푸꼭은 4번째로 오는거고 이번에는 삼촌과 사촌동생과 할머니도 함께왔다, 아쿠아썸호텔로 와서 짐을 풀고 좀 쉬다가 옥상에서 경치구경을 하고 2주쯤 전 사촌형과 고모와 푸꼭에 왔을때 들렸던 야시장을 또가서 저녁으로 해산물을 먹고 바나나 크레페도 먹고 철판 아이스크림도 먹었다. 그뒤 킹콩마트로 가서 장을보고 숙소로 복귀했다. 피곤하다."
4,part423,1,Korea,
4,part424,1,Korea,아침에 일어나서 숙소에서 제공되는 맛있는 조식을 먹었다. 빵도 먹고 패션푸르트도
4,part425,1,Korea,
4,part426,1,Korea,"먹고 콘푸라이트, 쌀국수, 소시지 모두 맛났다, 아침을 먹고 혼똔섬을 갔다."
4,part427,1,Korea,
4,part428,1,Korea,혼똔섬은 3번째 가는 거고 혼똔섬 입구에서 사진을 찍고 케이블카를 타고
4,part429,1,Korea,
4,part430,1,Korea,경치를 구경하며 혼똔섬으로 들어갔다. 원래는 혼똔섬 입장권과 혼똔섬 워터파크값을
4,part431,1,Korea,
4,part432,1,Korea,"따로 받았는데 이제는 통합해서 받는다, 여튼 워터파크로 바로가서 슬라이드 들을"
4,part433,1,Korea,
4,part434,1,Korea,타는데 할머니와 초2사촌동생이 무서운 슬라이드도 잘타셔서 굉장히 놀랐다.
4,part435,1,Korea,
4,part436,1,Korea,나는 무서운걸 매우 잘타는 편이고 내 동생은 매우 못타는 편이라 원래 슬라이드를
4,part437,1,Korea,
4,part438,1,Korea,"같이 탈 사람이 아빠밖에 없어서 아쉬웠는데 좋았다, 그렇게 혼똔섬에서 진빠지게"
4,part439,1,Korea,
4,part440,1,Korea,놀고 숙소로 복귀해서 할아버지와 숙모 그리고 아빠를 만나서 야시장을 갔다 와서
4,part441,1,Korea,
4,part442,1,Korea,저녁에 한국과 사우디 축구를 다같이 봤다. 축구 굉장히 재밌었다.
4,part443,1,Korea,
4,part444,1,Korea,아침에 일어나서 숙소를 이동했다. 저번부터 계속 가던 빈펄로 숙소를
4,part445,1,Korea,
4,part446,1,Korea,옮겼다. 근데 저번까지는 호텔 안에 있는 버기카가 무료여서 가성비가
4,part447,1,Korea,
4,part448,1,Korea,좋다고 생각했는데 이번에 가보니 불과 1달만에 전부 유료로 바껴있어서
4,part449,1,Korea,
4,part450,1,Korea,아쉬웠다. 낮에 빈펄 원더랜드를 돌아다니니 너무 더웠다. 돌아다니면서
4,part451,1,Korea,
4,part452,1,Korea,상가들을 봤는데 정말 많이 비어있었다. 가게를 찾아보기 힘들었다.
4,part453,1,Korea,
4,part454,1,Korea,아마도 빈펄에 오는 관광객이 적기도 하고 비수기때는 장사하기 힘들어서
4,part455,1,Korea,
4,part456,1,Korea,가게를 잘 안차리는 것 같다. 여튼 구경하다가 점심을 먹고 저녁에는 곤돌라를
4,part457,1,Korea,
4,part458,1,Korea,타고 돌아다녔고 분수쇼도 봤다. 컨디션이 안좋고 몸살기운이 있어서
4,part459,1,Korea,
4,part460,1,Korea,일찍 잠을 청했다.
4,part461,1,Korea,
4,part462,1,Korea,아침에 일어나서 조식을 바로 먹으러 갔다. 조식으로 먹은 빵이 굉장히
4,part463,1,Korea,
4,part464,1,Korea,맛있었고 요거트가 정말 야무졌다. 아침을 맛나게 먹고 오전에는 폰을 하며
4,part465,1,Korea,
4,part466,1,Korea,방에서 뒹굴뒹굴 거리다가 점심쯤 사파리를 가서 여러 동물친구들을 보고
4,part467,1,Korea,
4,part468,1,Korea,점심도 먹고 사파리카도 타서 관람했다. 호텔로 돌아와서 고기립을 먹었는데
4,part469,1,Korea,
4,part470,1,Korea,정말정말 맛있었다. 사촌동생이 저녁에 가야해서 마지막으로 놀아주기 위해
4,part471,1,Korea,
4,part472,1,Korea,"호텔 야외 수영장에서 놀아줬다, 튜브도 태워주고 같이 수영도 하고 즐겁게"
4,part473,1,Korea,
4,part474,1,Korea,놀았다. 저녁에는 최후의 만찬으로 여러가지 음식들을 시켜서 수영장 앞
4,part475,1,Korea,
4,part476,1,Korea,"야외에서 저녁을 먹으며 담소를 나눴다. 그렇게 저녁에 삼촌과 숙모, 사촌동생,"
4,part477,1,Korea,
4,part478,1,Korea,할머니와 할아버지가 한국으로 가셨다. 아쉬웠고 여름때 한국을 한번 방문하고 싶다.
4,part479,1,Korea,
4,part480,1,Korea,오늘은 스케줄이 없어서 늦잠을 자고 일어나서 점심쯤까지
4,part481,1,Korea,
4,part482,1,Korea,"쉬었다, 쉬다가 점심을 먹고 공항으로 가서 호치민으로 돌아왔다."
4,part483,1,Korea,
4,part484,1,Korea,저녁에 한국과 호주의 경기를 치킨뜯으며 보았는데 사실 사우디때와
4,part485,1,Korea,
4,part486,1,Korea,호주경기 모두 추가시간에 극적으로 골을 넣고 연장전에서 이겨서 성공했지만
4,part487,1,Korea,
4,part488,1,Korea,우리나라의 경기를 보면 너무 꾸역꾸역 하는 모습이고 클린스만의 무능함도
4,part489,1,Korea,
4,part490,1,Korea,"드러나서 아쉽다. 차라리 차두리가 감독이면 더 잘할수 있을까, 그래도 매 경기는"
4,part491,1,Korea,
4,part492,1,Korea,개꿀잼이라고 표현할만큼 정말 짜릿하다. 다음 상대는 요르단인데 김민재의
4,part493,1,Korea,
4,part494,1,Korea,경고누적으로 출전이 불가해서 조금 힘든 경기가 될수도 있을 것 같다. 우리나라
4,part495,1,Korea,
4,part496,1,Korea,선수들이 최선을 다해주면 좋겠다. 사실 경기중에 전방 압박이 더 필요한거 같다.
4,part497,1,Korea,
4,part498,1,Korea,체력을 아껴서 후반에 사용하는 거도 좋지만 압박의 필요성도 느껴진다.
4,part499,1,Korea,
4,part500,1,Korea,여튼 대한민국 화이팅!
4,part501,1,Korea,
4,part502,1,Korea,한국에 갈걸 그랬다.. 친구들이 대부분 한국에 가고 지금쯤 가서 설 지내고 3월에 개학쯤에
4,part503,1,Korea,
4,part504,1,Korea,"오는 친구가 많다. 애들이 많이 갔기에 농구도, 축구도 할 수 없다. 사실 학원 때문에"
4,part505,1,Korea,
4,part506,1,Korea,안가기도 하고 이번에는 안가기로 마음먹었지만 무지막지하게 후회된다. 한국에서
4,part507,1,Korea,
4,part508,1,Korea,친구들도 보고 맛난 뿌링클도 먹고싶다. 하소연은 여기까지 하고 오늘은 다른걸 적겠다.
4,part509,1,Korea,
4,part510,1,Korea,나는 5~6살때부터 초딩때까지 레고에 진심이었다. 어릴때는 경찰 시티 시리즈를 정말
4,part511,1,Korea,
4,part512,1,Korea,좋아해서 레고 경찰서를 많이 사고 블럭방에 가서 하루종일 레고를 만들며 놀기도 했으며
4,part513,1,Korea,
4,part514,1,Korea,매번 생일선물과 크리스마스 선물은 레고였다. 초등 고학년때는 스타워즈에 빠져서 크기가
4,part515,1,Korea,
4,part516,1,Korea,있는 시리즈들도 모으고 전시했으며 블로그에 소개글도 써봤다. 하지만 중학교때부터 흥미를
4,part517,1,Korea,
4,part518,1,Korea,잃고 지금은 스타워즈 레고들이 책장위에 있다. 아까 우연히 내가 갖고있던 레고들의 가격을
4,part519,1,Korea,
4,part520,1,Korea,보았는데 3만원에 구매한 레고 경찰서가 현재는 단종되어서 최저가로 39만원을 넘고 있었다.
4,part521,1,Korea,
4,part522,1,Korea,비록 지금은 부품들이 섞여서 찾을수 없겠지만 아깝고 다시 레고를 보니 추억돋는다.
4,part523,1,Korea,
4,part524,1,Korea,어제 우리나라가 요르단에게 처참히 무너지며 준결승에서 무릎을 꿇고 말았다.
4,part525,1,Korea,
4,part526,1,Korea,어제경기에서는 우선 우리나라의 플레이를 보면 드리블은 시도조차 안하고 죄다
4,part527,1,Korea,
4,part528,1,Korea,숏패스로 이어가다가 뺏기고 그 패스조차 정확도가 부실하고 수비진들의 패스 정확도가
4,part529,1,Korea,
4,part530,1,Korea,굉장히 좋지않았다.  김민재의 부재도 아쉬웠고 감독의 무능함도 화났다.
4,part531,1,Korea,
4,part532,1,Korea,"또한  경기막판에 나온 조규성의 헐리우드 액션을 보며 나까지 부끄러웠다, 그렇게"
4,part533,1,Korea,
4,part534,1,Korea,드리블을 쳐서 파울을 얻어내는 것 보다 그냥 슛을 때리는 것이 훨씬 희망적이었을텐데
4,part535,1,Korea,
4,part536,1,Korea,참.. 음…. 그랬다… 우리나라와 이란의 대결을 기대했는데 아쉽게됬다.
4,part537,1,Korea,
4,part538,1,Korea,나는 프리미어 리그 에서는 뉴캐슬을 좋아하고 토트넘 경기도 챙겨본다. 라리가에서는
4,part539,1,Korea,
4,part540,1,Korea,바르셀로나를 응원하지만 예전의 바르샤가 좋을뿐 요즘의 바르샤는 감성이 없어서 잘 안보며
4,part541,1,Korea,
4,part542,1,Korea,분데스리가 에서는 요즘 폼이 굉장한 레버쿠젠을 응원하고 있다. 사비 알론소 감독이 이끄는
4,part543,1,Korea,
4,part544,1,Korea,"레버쿠젠이 김민재가 뛰고 있는 뮌헨을 꺾고 리그 우승을 했음 좋겠다. 세리에A에서는 인테르,"
4,part545,1,Korea,
4,part546,1,Korea,"로마, 피오렌티나, 나폴리등 여러팀을 응원했으나 딱히 맘가는 팀은 없고 요즘 메시가 뛰고있는팀"
4,part547,1,Korea,
4,part548,1,Korea,인터 마이애미가 좀 멋지다.
4,part549,1,Korea,
4,part550,1,Korea,"오늘은 서울의 봄 영화를 봤다. 우리나라의 가장 아픈 역사 중 3가지는 일제강점기,"
4,part551,1,Korea,
4,part552,1,Korea,6/25 전쟁 그리고 군사정권의 독재 일것이다. 사실 이승만도 독재를 했었고
4,part553,1,Korea,
4,part554,1,Korea,군사정권의 독재중에는 박정희의 독재와 전두환의 독재가 있는데 영화로는
4,part555,1,Korea,
4,part556,1,Korea,"화려한 휴가, 택시운전사, 1987등이 있는데 12/12 쿠데타의 모습을 비추는 영화는"
4,part557,1,Korea,
4,part558,1,Korea,없었을 것 이다. 그러나 이번에 서울의 봄이 당시 12/12 쿠데타의 모습을 보여주며
4,part559,1,Korea,
4,part560,1,Korea,그때의 슬픔을 볼수있다. 몇번이고 전두환을 막을 수 있던 기회가 있었으나 운도 따라
4,part561,1,Korea,
4,part562,1,Korea,주질 않았고 당시 정부의 무능함과 장관과 같은 인물들의 무식함에 그 기회들은 사라졌다.
4,part563,1,Korea,
4,part564,1,Korea,결국 전두환이 쿠데타를 성공하였고 끝까지 저항하던 충신들은 잡혀갔다. 그렇게 전두환과
4,part565,1,Korea,
4,part566,1,Korea,"그의 측근들, 하나회는 정권을 잡고 정치를 쥐게된다."
4,part567,1,Korea,
4,part568,1,Korea,요즘 역사 교과서들을 보면 한국사 에서 일제강점기 앞까지만 자세히 서술되있는 것도 모자라
4,part569,1,Korea,
4,part570,1,Korea,세계사까지 포함되니 위와같은 역사를 학생들이 알수있는 기회가 줄어든다.
4,part571,1,Korea,
4,part572,1,Korea,"그래서 교과서에도 우리의 아픈 역사를 자세하고 명확히, 그리고 이런일이 반복되지 않게 명시하게"
4,part573,1,Korea,
4,part574,1,Korea,해야한다.
4,part575,1,Korea,
4,part576,1,Korea,오늘은 일찍일어나서 아침에 농구 훈련을 하러 갔다. 농구부 친구들이 많이들 한국을
4,part577,1,Korea,
4,part578,1,Korea,가서 인원이 굉장히 적었다. 총 7명 이었고 학교 체육관에서 훈련을 진행하는데
4,part579,1,Korea,
4,part580,1,Korea,에어컨을 못틀어서 너무너무 더웠다. 좀 뛰어다니니 어지럽고 토할 지경이였는데
4,part581,1,Korea,
4,part582,1,Korea,밖을 나가서 공기를 쐬면 나아졌다. 사실 방학이고 방과후도 없어서 학교가 청소가
4,part583,1,Korea,
4,part584,1,Korea,"안되있었기에 바닥도 미끄럽고 먼지도 많았으나 열심히 운동했다. 앞으로 월, 수, 금마다"
4,part585,1,Korea,
4,part586,1,Korea,아침 10시 부터 12시까지 연습한다고 한다. 학기중에는 거의 새벽5시에 만나서 연습을
4,part587,1,Korea,
4,part588,1,Korea,했기에 10시면 보살이지만 방학의 생활에 익숙해진 나에게는 힘들다. 무엇보다 그전날
4,part589,1,Korea,
4,part590,1,Korea,"일찍 취침을 해야되기에 더욱 힘들것같다, 그래도 농구를 늘리기 위해서는 그정도는"
4,part591,1,Korea,
4,part592,1,Korea,해야겠지. 이제 뗏이라 식당들도 닫고 영어학원도 쉬는데 기분이 좋으면서도 허전하다.
4,part593,1,Korea,
4,part594,1,Korea,하.. 고등수학이 굉장히 어렵다. 중학교때 수학이랑은 전혀다른 어려움이고
4,part595,1,Korea,
4,part596,1,Korea,많이 복잡하다. 여튼 그래서 수학학원을 거의 매일 다니고 있고 열심히 하고있다.
4,part597,1,Korea,
4,part598,1,Korea,사실 이제 쓸게 거의 고갈된듯 하다. 오늘 하루를 쓰자니 한게 거의 없고
4,part599,1,Korea,
4,part600,1,Korea,그래서  그냥 내가 좋아하는 음식을 기록해놓기위해 구절구절 적어보겠다.
4,part601,1,Korea,
4,part602,1,Korea,"나는 어릴때 부터 음식을 가리지않고 다 잘먹었다. 밥반찬 중에서는 흔한 소시지, 계란,"
4,part603,1,Korea,
4,part604,1,Korea,"부터해서 나물은 김치를 정말 좋아했고 지금은 파김치와 마늘장아찌, 고사리, 파채등을"
4,part605,1,Korea,
4,part606,1,Korea,좋아하고 고기는 소고기를 가장 좋아하며 오리고기도 너무 좋아하고 삼겹살은 더더욱이다.
4,part607,1,Korea,
4,part608,1,Korea,끓여먹는 라면은 신라면과 비빔면을 가장 좋아하고 컵라면은 불닭을 가장 좋아하며 치킨을
4,part609,1,Korea,
4,part610,1,Korea,굉장히 좋아하고 뿌링클을 너무너무 좋아하지만 여기서는 시켜먹을수 없어서 아쉬울 뿐이다.
4,part611,1,Korea,
4,part612,1,Korea,음료수도 탄산을 좋아하고 과자로는 주로 짭짤한 감자칩같은 과자를 좋아하며 달달한 것도
4,part613,1,Korea,
4,part614,1,Korea,"좋아한다. 포카칩, 고래밥, 허니버터칩등을 가장 좋아하는듯. 이렇게 오늘은 내가 좋아하는"
4,part615,1,Korea,
4,part616,1,Korea,음식들을 적어봤다.
4,part617,1,Korea,
4,part618,1,Korea,"오늘도 아침에 수학학원에 가서 열심히 공부하고 점심쯤 친구들과 피시방을 갔다,"
4,part619,1,Korea,
4,part620,1,Korea,하지만 뗏이라서 스카이 피시방은 문을 닫은 상태였고 남자다섯이서 4인승 그랩을 타고
4,part621,1,Korea,
4,part622,1,Korea,KGS학교 앞에있는 로컬 피씨방을 갔다. 스카이 피씨방이 생기기 전에 항상 가던곳이다.
4,part623,1,Korea,
4,part624,1,Korea,처음에는 발로 좀 하다가 로블에서 다같이 공포겜 미믹을 했는데 딱 5인용이라서 같이하니
4,part625,1,Korea,
4,part626,1,Korea,더 무섭고 재밌었다. 역시 로블이 근본겜이다. 여튼 늦게까지 겜하다가 좀만 걸으면 있는
4,part627,1,Korea,
4,part628,1,Korea,롯데마트에 갔다. 롯데마트에 있는 식당에서 저녁을 먹으려고 가는거였지만 뗏이라 문을
4,part629,1,Korea,
4,part630,1,Korea,"닫았으면 어떡하지 하며 갔는데 모든 식당이 문을 열었다, 아니 사람이 너무많아서 대기줄까지"
4,part631,1,Korea,
4,part632,1,Korea,있었다. 미트앤미트 에서 먹으려 했는데 40~50분을 기다려야되서 두끼로 갔는데 아예 거절당해서
4,part633,1,Korea,
4,part634,1,Korea,그 옆에있는 드마리스를 보았는데 아니 너무 비싸서 결국 미트앤미트를 먹기로 하고 기다려서
4,part635,1,Korea,
4,part636,1,Korea,"먹었다. 배고파서 맛있게 먹었지만 사람이 진짜 너무많아서 굉장히 덥고 복잡했다, 만찬을 즐기고"
4,part637,1,Korea,
4,part638,1,Korea,"그랩을 잡는데 아 너무너무 안잡혔다, 휴대폰 배터리가 8%까지 된후에야 겨우 잡혀서 집에"
4,part639,1,Korea,
4,part640,1,Korea,복귀했다. 즐거운 하루였다.
4,part641,1,Korea,
4,part642,1,Korea,어제 늦게자서 오늘 12시12분에 일어났다. 진짜 너무 오래자서 시간이 아깝다는
4,part643,1,Korea,
4,part644,1,Korea,생각이 들었고 일어나자마자 재민이가 전화가 왔는데 학교로 오라는 내용이었다.
4,part645,1,Korea,
4,part646,1,Korea,그래서 바로 학교로 가서 범창이와 재민이와 셋이서 축구 하는데 너무 더웠다.
4,part647,1,Korea,
4,part648,1,Korea,물도 시켜서 겨우겨우 하다가 농구도 하고 미드로 갔다. 늦은 점심을 먹으려고 갔지만
4,part649,1,Korea,
4,part650,1,Korea,"홍마라탕, 진설렁탕, 덕자네 방앗간, 치즈닭갈비집등 거의 모든 식당이 뗏이라서"
4,part651,1,Korea,
4,part652,1,Korea,문을 닫았고 마부마라탕은 열었지만 4시부터 시작이라서 오블랑에 가서 딸기요거트를
4,part653,1,Korea,
4,part654,1,Korea,"마셨다, 그리고 시간이 되서 마라탕을 먹으러 갔고 나는 평소에 홍마라탕에서 3단계를"
4,part655,1,Korea,
4,part656,1,Korea,즐겨먹고 4단계도 먹을만 해서 마부마라탕에서 3단계를 시켰지만 와 진짜 너무너무
4,part657,1,Korea,
4,part658,1,Korea,짜고 매웠다. 거의 5단계 수준이었다. 미드 홍마라탕은 시킨단계의 -1을 해야되지만
4,part659,1,Korea,
4,part660,1,Korea,마부마라탕은 +1~2를 해야되는 수준이었다. 친구들도 2단계를 시켰으나 굉장히 매워했다.
4,part661,1,Korea,
4,part662,1,Korea,마부마라탕은 다시 갈일은 없을것 같다. 이번주는 영어학원이 쉬기에 집에서 할일좀 하고
4,part663,1,Korea,
4,part664,1,Korea,수학을 열심히 해야겠다.
4,part665,1,Korea,
4,part666,1,Korea,"현재 조지오웰의 1984를 굉장히 인상깊게 읽고있는 중이다, 다 읽으면"
4,part667,1,Korea,
4,part668,1,Korea,독서록처럼 적어보겠다. 오늘은 저녁으로 유천칡냉면에 가서 물냉면과
4,part669,1,Korea,
4,part670,1,Korea,"갈비를 먹었는데 맛있었다, 냉면을 먹으러 간 이유가 오늘 내 꿈에 냉면이 나왔는데"
4,part671,1,Korea,
4,part672,1,Korea,딱 먹으려는 순간 엄마가 깨워서 너무 먹고싶어서 간것이다. 나는 꿈을 잘 꾸는 편이지만
4,part673,1,Korea,
4,part674,1,Korea,"기억은 잘 못하는 편이다. 정말 인상적인 꿈이거나 무서운 꿈, 혹은 자극적인 꿈은 기억하나"
4,part675,1,Korea,
4,part676,1,Korea,정말 좋았거나 기억해내고 싶은 꿈은 희한하게도 그 스토리와 내용은 기억이 거의 나질않고
4,part677,1,Korea,
4,part678,1,Korea,몇몇 장면만 가물가물하게 기억난다. 꿈에 관해서 에피소드를 하나 알고있다. 사실여부를
4,part679,1,Korea,
4,part680,1,Korea,"알수없는 유튜브 쇼츠에서 보긴 했지만 말해보겠다, 한 남자는 자신의 꿈에서 마음대로 할수있는"
4,part681,1,Korea,
4,part682,1,Korea,"능력을 가지고 있다, 그는 꿈에서 하고싶은일은 무엇이든 할수있지만 딱 한가지는 할 수 없다고 한다."
4,part683,1,Korea,
4,part684,1,Korea,그것은 죽는것. 딱 죽기직전에 꿈에서 깬다고 한다. 조금 무서운 이야기이니 딴 화제로 넘어가자.
4,part685,1,Korea,
4,part686,1,Korea,만약 내가 내꿈에서 마음대로 할수있다면 내 첫 사랑과 함께있던 기억으로 돌아가고싶다.
4,part687,1,Korea,
4,part688,1,Korea,어제부터 읽기 시작한 1984를 굉장히 재밌게 읽고있다. 현재 약 100페이지 정도
4,part689,1,Korea,
4,part690,1,Korea,"읽었는데 읽다가 정신병이 걸릴정도로 몰입하여 보게된다, 전체주의를 비난하고"
4,part691,1,Korea,
4,part692,1,Korea,독재의 부적절함을 잘 볼수 있는 책이다. 책을 읽으며 ‘역사를 잊은 민족에게 미래란 없다.’
4,part693,1,Korea,
4,part694,1,Korea,라는 문구가 생각든다.  여튼 오늘은 오후 4시쯤 학교에 가서 재민이와 범창이와 동균이와
4,part695,1,Korea,
4,part696,1,Korea,"넷이서 축구하다가 체육관에서 농구도 하다가 미드로 갔다, 밥을 먹고 농구를 하려고 했지만"
4,part697,1,Korea,
4,part698,1,Korea,범창이와 동균이가 자꾸 집에 가려해서 우여곡절로 잡고 같이 진설렁탕을 가서 나는
4,part699,1,Korea,
4,part700,1,Korea,"뼈해장국을 맛있게 먹었다, 진설렁탕은 맛집인것같다, 앞으로도 자주갈듯하다."